{
  "tank": [
    0.13277774612058552,
    -0.44555058984920753
  ],
  "bunker1": [
    0.4337091484140535,
    -1.5314564045788392
  ],
  "bunker2": [
    0.6056924806931777,
    1.397193003403149
  ],
  "ammo": [
    3.442351405383681,
    0.9197737611095017
  ],
  "person": [
    3.0,
    -0.5
  ]
}